Ref,Val,Package,PosX,PosY,Rot,Side
"C22","100p","C_0402_1005Metric",-108.968400,-105.740200,0.000000,bottom
"C24","1U","C_0402_1005Metric",-108.966000,-106.832400,0.000000,bottom
"C26","10u","C_0402_1005Metric",-108.989000,-104.597200,0.000000,bottom
"C27","1u","C_0402_1005Metric",-108.991400,-103.454200,0.000000,bottom
"C28","0.1u","C_0402_1005Metric",-108.993800,-102.311200,0.000000,bottom
"C30","0.1U","C_0402_1005Metric",-120.726200,-107.188000,90.000000,bottom
"C32","0.01u","C_0402_1005Metric",-110.871000,-99.949000,270.000000,bottom
"L1","2nH","L_0402_1005Metric",-109.778800,-99.951400,270.000000,bottom
